File,Blank,Comment,Code
assets/codeEditor/ace-grammar/ace_grammar.bundle.js,0,24,3
assets/codeEditor/ace-grammar/ace_grammar.js,388,321,2014
assets/codeEditor/ace-grammar/ace_grammar.min.js,0,8,1
assets/codeEditor/ace-grammar/classy.js,0,8,1
assets/codeEditor/ace-grammar/regexanalyzer.js,0,8,1
assets/codeEditor/ace/ace.js,1,0,10
assets/codeEditor/ace/ext-beautify.js,1,0,4
assets/codeEditor/ace/ext-chromevox.js,1,0,4
assets/codeEditor/ace/ext-elastic_tabstops_lite.js,1,0,4
assets/codeEditor/ace/ext-emmet.js,1,0,4
assets/codeEditor/ace/ext-error_marker.js,1,0,4
assets/codeEditor/ace/ext-keybinding_menu.js,1,0,4
assets/codeEditor/ace/ext-language_tools.js,1,0,4
assets/codeEditor/ace/ext-linking.js,1,0,4
assets/codeEditor/ace/ext-modelist.js,1,0,4
assets/codeEditor/ace/ext-old_ie.js,1,0,4
assets/codeEditor/ace/ext-searchbox.js,1,0,4
assets/codeEditor/ace/ext-settings_menu.js,1,0,4
assets/codeEditor/ace/ext-spellcheck.js,1,0,4
assets/codeEditor/ace/ext-split.js,1,0,4
assets/codeEditor/ace/ext-static_highlight.js,1,0,4
assets/codeEditor/ace/ext-statusbar.js,1,0,4
assets/codeEditor/ace/ext-textarea.js,1,0,4
assets/codeEditor/ace/ext-themelist.js,1,0,4
assets/codeEditor/ace/ext-whitespace.js,1,0,4
assets/codeEditor/ace/keybinding-emacs.js,0,0,1
assets/codeEditor/ace/keybinding-vim.js,0,0,1
assets/codeEditor/ace/mode-abap.js,0,0,1
assets/codeEditor/ace/mode-actionscript.js,0,0,1
assets/codeEditor/ace/mode-ada.js,0,0,1
assets/codeEditor/ace/mode-apache_conf.js,0,0,1
assets/codeEditor/ace/mode-applescript.js,0,0,1
assets/codeEditor/ace/mode-asciidoc.js,0,0,1
assets/codeEditor/ace/mode-assembly_x86.js,0,0,1
assets/codeEditor/ace/mode-autohotkey.js,0,0,1
assets/codeEditor/ace/mode-batchfile.js,0,0,1
assets/codeEditor/ace/mode-c_cpp.js,0,0,1
assets/codeEditor/ace/mode-c9search.js,0,0,1
assets/codeEditor/ace/mode-cirru.js,0,0,1
assets/codeEditor/ace/mode-clojure.js,0,0,1
assets/codeEditor/ace/mode-cobol.js,0,0,1
assets/codeEditor/ace/mode-coffee.js,0,0,1
assets/codeEditor/ace/mode-coldfusion.js,0,0,1
assets/codeEditor/ace/mode-csharp.js,0,0,1
assets/codeEditor/ace/mode-css.js,0,0,1
assets/codeEditor/ace/mode-curly.js,0,0,1
assets/codeEditor/ace/mode-d.js,0,0,1
assets/codeEditor/ace/mode-dart.js,0,0,1
assets/codeEditor/ace/mode-diff.js,0,0,1
assets/codeEditor/ace/mode-django.js,0,0,1
assets/codeEditor/ace/mode-dockerfile.js,0,0,1
assets/codeEditor/ace/mode-dot.js,0,0,1
assets/codeEditor/ace/mode-eiffel.js,0,0,1
assets/codeEditor/ace/mode-ejs.js,0,0,1
assets/codeEditor/ace/mode-elixir.js,0,0,1
assets/codeEditor/ace/mode-elm.js,0,0,1
assets/codeEditor/ace/mode-erlang.js,0,0,1
assets/codeEditor/ace/mode-forth.js,0,0,1
assets/codeEditor/ace/mode-ftl.js,0,0,1
assets/codeEditor/ace/mode-gcode.js,0,0,1
assets/codeEditor/ace/mode-gherkin.js,0,0,1
assets/codeEditor/ace/mode-gitignore.js,0,0,1
assets/codeEditor/ace/mode-glsl.js,0,0,1
assets/codeEditor/ace/mode-golang.js,0,0,1
assets/codeEditor/ace/mode-groovy.js,0,0,1
assets/codeEditor/ace/mode-haml.js,0,0,1
assets/codeEditor/ace/mode-handlebars.js,0,0,1
assets/codeEditor/ace/mode-haskell.js,0,0,1
assets/codeEditor/ace/mode-haxe.js,0,0,1
assets/codeEditor/ace/mode-html_ruby.js,0,0,1
assets/codeEditor/ace/mode-html.js,0,0,1
assets/codeEditor/ace/mode-ini.js,0,0,1
assets/codeEditor/ace/mode-io.js,0,0,1
assets/codeEditor/ace/mode-jack.js,0,0,1
assets/codeEditor/ace/mode-jade.js,0,0,1
assets/codeEditor/ace/mode-java.js,0,0,1
assets/codeEditor/ace/mode-javascript.js,0,0,1
assets/codeEditor/ace/mode-json.js,0,0,1
assets/codeEditor/ace/mode-jsoniq.js,0,0,1
assets/codeEditor/ace/mode-jsp.js,0,0,1
assets/codeEditor/ace/mode-jsx.js,0,0,1
assets/codeEditor/ace/mode-julia.js,0,0,1
assets/codeEditor/ace/mode-latex.js,0,0,1
assets/codeEditor/ace/mode-less.js,0,0,1
assets/codeEditor/ace/mode-liquid.js,0,0,1
assets/codeEditor/ace/mode-lisp.js,0,0,1
assets/codeEditor/ace/mode-livescript.js,0,0,1
assets/codeEditor/ace/mode-logiql.js,0,0,1
assets/codeEditor/ace/mode-lsl.js,0,0,1
assets/codeEditor/ace/mode-lua.js,0,0,1
assets/codeEditor/ace/mode-luapage.js,0,0,1
assets/codeEditor/ace/mode-lucene.js,0,0,1
assets/codeEditor/ace/mode-makefile.js,0,0,1
assets/codeEditor/ace/mode-markdown.js,0,0,1
assets/codeEditor/ace/mode-mask.js,0,0,1
assets/codeEditor/ace/mode-matlab.js,0,0,1
assets/codeEditor/ace/mode-mel.js,0,0,1
assets/codeEditor/ace/mode-mushcode.js,0,0,1
assets/codeEditor/ace/mode-mysql.js,0,0,1
assets/codeEditor/ace/mode-nix.js,0,0,1
assets/codeEditor/ace/mode-objectivec.js,0,0,1
assets/codeEditor/ace/mode-ocaml.js,0,0,1
assets/codeEditor/ace/mode-pascal.js,0,0,1
assets/codeEditor/ace/mode-perl.js,0,0,1
assets/codeEditor/ace/mode-pgsql.js,0,0,1
assets/codeEditor/ace/mode-php.js,0,0,1
assets/codeEditor/ace/mode-plain_text.js,0,0,1
assets/codeEditor/ace/mode-powershell.js,0,0,1
assets/codeEditor/ace/mode-praat.js,0,0,1
assets/codeEditor/ace/mode-prolog.js,0,0,1
assets/codeEditor/ace/mode-properties.js,0,0,1
assets/codeEditor/ace/mode-protobuf.js,0,0,1
assets/codeEditor/ace/mode-python.js,0,0,1
assets/codeEditor/ace/mode-r.js,0,0,1
assets/codeEditor/ace/mode-rdoc.js,0,0,1
assets/codeEditor/ace/mode-rhtml.js,0,0,1
assets/codeEditor/ace/mode-ruby.js,0,0,1
assets/codeEditor/ace/mode-rust.js,0,0,1
assets/codeEditor/ace/mode-sass.js,0,0,1
assets/codeEditor/ace/mode-scad.js,0,0,1
assets/codeEditor/ace/mode-scala.js,0,0,1
assets/codeEditor/ace/mode-scheme.js,0,0,1
assets/codeEditor/ace/mode-scss.js,0,0,1
assets/codeEditor/ace/mode-sh.js,0,0,1
assets/codeEditor/ace/mode-sjs.js,0,0,1
assets/codeEditor/ace/mode-smarty.js,0,0,1
assets/codeEditor/ace/mode-snippets.js,0,0,1
assets/codeEditor/ace/mode-soy_template.js,0,0,1
assets/codeEditor/ace/mode-space.js,0,0,1
assets/codeEditor/ace/mode-sql.js,0,0,1
assets/codeEditor/ace/mode-stylus.js,0,0,1
assets/codeEditor/ace/mode-svg.js,0,0,1
assets/codeEditor/ace/mode-tcl.js,0,0,1
assets/codeEditor/ace/mode-tex.js,0,0,1
assets/codeEditor/ace/mode-textile.js,0,0,1
assets/codeEditor/ace/mode-toml.js,0,0,1
assets/codeEditor/ace/mode-twig.js,0,0,1
assets/codeEditor/ace/mode-typescript.js,0,0,1
assets/codeEditor/ace/mode-vala.js,0,0,1
assets/codeEditor/ace/mode-vbscript.js,0,0,1
assets/codeEditor/ace/mode-velocity.js,0,0,1
assets/codeEditor/ace/mode-verilog.js,0,0,1
assets/codeEditor/ace/mode-vhdl.js,0,0,1
assets/codeEditor/ace/mode-xml.js,0,0,1
assets/codeEditor/ace/mode-xquery.js,0,0,1
assets/codeEditor/ace/mode-yaml.js,0,0,1
assets/codeEditor/ace/snippets/abap.js,0,0,1
assets/codeEditor/ace/snippets/actionscript.js,0,0,1
assets/codeEditor/ace/snippets/ada.js,0,0,1
assets/codeEditor/ace/snippets/apache_conf.js,0,0,1
assets/codeEditor/ace/snippets/applescript.js,0,0,1
assets/codeEditor/ace/snippets/asciidoc.js,0,0,1
assets/codeEditor/ace/snippets/assembly_x86.js,0,0,1
assets/codeEditor/ace/snippets/autohotkey.js,0,0,1
assets/codeEditor/ace/snippets/batchfile.js,0,0,1
assets/codeEditor/ace/snippets/c_cpp.js,0,0,1
assets/codeEditor/ace/snippets/c9search.js,0,0,1
assets/codeEditor/ace/snippets/cirru.js,0,0,1
assets/codeEditor/ace/snippets/clojure.js,0,0,1
assets/codeEditor/ace/snippets/cobol.js,0,0,1
assets/codeEditor/ace/snippets/coffee.js,0,0,1
assets/codeEditor/ace/snippets/coldfusion.js,0,0,1
assets/codeEditor/ace/snippets/csharp.js,0,0,1
assets/codeEditor/ace/snippets/css.js,0,0,1
assets/codeEditor/ace/snippets/curly.js,0,0,1
assets/codeEditor/ace/snippets/d.js,0,0,1
assets/codeEditor/ace/snippets/dart.js,0,0,1
assets/codeEditor/ace/snippets/diff.js,0,0,1
assets/codeEditor/ace/snippets/django.js,0,0,1
assets/codeEditor/ace/snippets/dockerfile.js,0,0,1
assets/codeEditor/ace/snippets/dot.js,0,0,1
assets/codeEditor/ace/snippets/eiffel.js,0,0,1
assets/codeEditor/ace/snippets/ejs.js,0,0,1
assets/codeEditor/ace/snippets/elixir.js,0,0,1
assets/codeEditor/ace/snippets/elm.js,0,0,1
assets/codeEditor/ace/snippets/erlang.js,0,0,1
assets/codeEditor/ace/snippets/forth.js,0,0,1
assets/codeEditor/ace/snippets/ftl.js,0,0,1
assets/codeEditor/ace/snippets/gcode.js,0,0,1
assets/codeEditor/ace/snippets/gherkin.js,0,0,1
assets/codeEditor/ace/snippets/gitignore.js,0,0,1
assets/codeEditor/ace/snippets/glsl.js,0,0,1
assets/codeEditor/ace/snippets/golang.js,0,0,1
assets/codeEditor/ace/snippets/groovy.js,0,0,1
assets/codeEditor/ace/snippets/haml.js,0,0,1
assets/codeEditor/ace/snippets/handlebars.js,0,0,1
assets/codeEditor/ace/snippets/haskell.js,0,0,1
assets/codeEditor/ace/snippets/haxe.js,0,0,1
assets/codeEditor/ace/snippets/html_ruby.js,0,0,1
assets/codeEditor/ace/snippets/html.js,0,0,1
assets/codeEditor/ace/snippets/ini.js,0,0,1
assets/codeEditor/ace/snippets/io.js,0,0,1
assets/codeEditor/ace/snippets/jack.js,0,0,1
assets/codeEditor/ace/snippets/jade.js,0,0,1
assets/codeEditor/ace/snippets/java.js,0,0,1
assets/codeEditor/ace/snippets/javascript.js,0,0,1
assets/codeEditor/ace/snippets/json.js,0,0,1
assets/codeEditor/ace/snippets/jsoniq.js,0,0,1
assets/codeEditor/ace/snippets/jsp.js,0,0,1
assets/codeEditor/ace/snippets/jsx.js,0,0,1
assets/codeEditor/ace/snippets/julia.js,0,0,1
assets/codeEditor/ace/snippets/latex.js,0,0,1
assets/codeEditor/ace/snippets/less.js,0,0,1
assets/codeEditor/ace/snippets/liquid.js,0,0,1
assets/codeEditor/ace/snippets/lisp.js,0,0,1
assets/codeEditor/ace/snippets/livescript.js,0,0,1
assets/codeEditor/ace/snippets/logiql.js,0,0,1
assets/codeEditor/ace/snippets/lsl.js,0,0,1
assets/codeEditor/ace/snippets/lua.js,0,0,1
assets/codeEditor/ace/snippets/luapage.js,0,0,1
assets/codeEditor/ace/snippets/lucene.js,0,0,1
assets/codeEditor/ace/snippets/makefile.js,0,0,1
assets/codeEditor/ace/snippets/markdown.js,0,0,1
assets/codeEditor/ace/snippets/mask.js,0,0,1
assets/codeEditor/ace/snippets/matlab.js,0,0,1
assets/codeEditor/ace/snippets/mel.js,0,0,1
assets/codeEditor/ace/snippets/mushcode.js,0,0,1
assets/codeEditor/ace/snippets/mysql.js,0,0,1
assets/codeEditor/ace/snippets/nix.js,0,0,1
assets/codeEditor/ace/snippets/objectivec.js,0,0,1
assets/codeEditor/ace/snippets/ocaml.js,0,0,1
assets/codeEditor/ace/snippets/pascal.js,0,0,1
assets/codeEditor/ace/snippets/perl.js,0,0,1
assets/codeEditor/ace/snippets/pgsql.js,0,0,1
assets/codeEditor/ace/snippets/php.js,0,0,1
assets/codeEditor/ace/snippets/plain_text.js,0,0,1
assets/codeEditor/ace/snippets/powershell.js,0,0,1
assets/codeEditor/ace/snippets/praat.js,0,0,1
assets/codeEditor/ace/snippets/prolog.js,0,0,1
assets/codeEditor/ace/snippets/properties.js,0,0,1
assets/codeEditor/ace/snippets/protobuf.js,0,0,1
assets/codeEditor/ace/snippets/python.js,0,0,1
assets/codeEditor/ace/snippets/r.js,0,0,1
assets/codeEditor/ace/snippets/rdoc.js,0,0,1
assets/codeEditor/ace/snippets/rhtml.js,0,0,1
assets/codeEditor/ace/snippets/ruby.js,0,0,1
assets/codeEditor/ace/snippets/rust.js,0,0,1
assets/codeEditor/ace/snippets/sass.js,0,0,1
assets/codeEditor/ace/snippets/scad.js,0,0,1
assets/codeEditor/ace/snippets/scala.js,0,0,1
assets/codeEditor/ace/snippets/scheme.js,0,0,1
assets/codeEditor/ace/snippets/scss.js,0,0,1
assets/codeEditor/ace/snippets/sh.js,0,0,1
assets/codeEditor/ace/snippets/sjs.js,0,0,1
assets/codeEditor/ace/snippets/smarty.js,0,0,1
assets/codeEditor/ace/snippets/snippets.js,0,0,1
assets/codeEditor/ace/snippets/soy_template.js,0,0,1
assets/codeEditor/ace/snippets/space.js,0,0,1
assets/codeEditor/ace/snippets/sql.js,0,0,1
assets/codeEditor/ace/snippets/stylus.js,0,0,1
assets/codeEditor/ace/snippets/svg.js,0,0,1
assets/codeEditor/ace/snippets/tcl.js,0,0,1
assets/codeEditor/ace/snippets/tex.js,0,0,1
assets/codeEditor/ace/snippets/text.js,0,0,1
assets/codeEditor/ace/snippets/textile.js,0,0,1
assets/codeEditor/ace/snippets/toml.js,0,0,1
assets/codeEditor/ace/snippets/twig.js,0,0,1
assets/codeEditor/ace/snippets/typescript.js,0,0,1
assets/codeEditor/ace/snippets/vala.js,0,0,1
assets/codeEditor/ace/snippets/vbscript.js,0,0,1
assets/codeEditor/ace/snippets/velocity.js,0,0,1
assets/codeEditor/ace/snippets/verilog.js,0,0,1
assets/codeEditor/ace/snippets/vhdl.js,0,0,1
assets/codeEditor/ace/snippets/xml.js,0,0,1
assets/codeEditor/ace/snippets/xquery.js,0,0,1
assets/codeEditor/ace/snippets/yaml.js,0,0,1
assets/codeEditor/ace/theme-ambiance.js,0,0,1
assets/codeEditor/ace/theme-chaos.js,0,0,1
assets/codeEditor/ace/theme-chrome.js,0,0,1
assets/codeEditor/ace/theme-clouds_midnight.js,0,0,1
assets/codeEditor/ace/theme-clouds.js,0,0,1
assets/codeEditor/ace/theme-cobalt.js,0,0,1
assets/codeEditor/ace/theme-crimson_editor.js,0,0,1
assets/codeEditor/ace/theme-dawn.js,0,0,1
assets/codeEditor/ace/theme-dreamweaver.js,0,0,1
assets/codeEditor/ace/theme-eclipse.js,0,0,1
assets/codeEditor/ace/theme-github.js,0,0,1
assets/codeEditor/ace/theme-idle_fingers.js,0,0,1
assets/codeEditor/ace/theme-katzenmilch.js,0,0,1
assets/codeEditor/ace/theme-kr_theme.js,0,0,1
assets/codeEditor/ace/theme-kuroir.js,0,0,1
assets/codeEditor/ace/theme-merbivore_soft.js,0,0,1
assets/codeEditor/ace/theme-merbivore.js,0,0,1
assets/codeEditor/ace/theme-mono_industrial.js,0,0,1
assets/codeEditor/ace/theme-monokai.js,0,0,1
assets/codeEditor/ace/theme-pastel_on_dark.js,0,0,1
assets/codeEditor/ace/theme-solarized_dark.js,0,0,1
assets/codeEditor/ace/theme-solarized_light.js,0,0,1
assets/codeEditor/ace/theme-terminal.js,0,0,1
assets/codeEditor/ace/theme-textmate.js,0,0,1
assets/codeEditor/ace/theme-tomorrow_night_blue.js,0,0,1
assets/codeEditor/ace/theme-tomorrow_night_bright.js,0,0,1
assets/codeEditor/ace/theme-tomorrow_night_eighties.js,0,0,1
assets/codeEditor/ace/theme-tomorrow_night.js,0,0,1
assets/codeEditor/ace/theme-tomorrow.js,0,0,1
assets/codeEditor/ace/theme-twilight.js,0,0,1
assets/codeEditor/ace/theme-vibrant_ink.js,0,0,1
assets/codeEditor/ace/theme-xcode.js,0,0,1
assets/codeEditor/ace/worker-coffee.js,0,0,1
assets/codeEditor/ace/worker-css.js,0,0,1
assets/codeEditor/ace/worker-html.js,0,0,1
assets/codeEditor/ace/worker-javascript.js,0,0,1
assets/codeEditor/ace/worker-json.js,0,0,1
assets/codeEditor/ace/worker-lua.js,0,0,1
assets/codeEditor/ace/worker-php.js,0,0,1
assets/codeEditor/ace/worker-xquery.js,0,0,1
assets/codeEditor/codeEditor.css,16,0,91
assets/common/bootstrap/bootstrap-theme.min.css,0,4,1
assets/common/bootstrap/bootstrap.min.css,0,4,1
assets/common/jquery/jquery.easyModal.js,25,19,118
assets/common/jquery/jquery.ext.js,1,2,16
assets/common/jquery/jquery.min.js,0,1,3
assets/graphicalEditor/css/freetransform.css,17,1,108
assets/graphicalEditor/css/halo.css,35,1,195
assets/graphicalEditor/css/inspector.css,30,3,122
assets/graphicalEditor/css/layout.css,15,1,85
assets/graphicalEditor/css/linkTypeSelector.css,0,0,6
assets/graphicalEditor/css/paper.css,5,1,27
assets/graphicalEditor/css/selection.css,1,0,9
assets/graphicalEditor/css/statusbar.css,4,1,14
assets/graphicalEditor/css/stencil.css,9,2,69
assets/graphicalEditor/css/style.css,2,0,18
assets/graphicalEditor/css/toolbar.css,23,2,108
assets/jointjs/css/joint.css,41,79,121
assets/jointjs/css/joint.format.print.css,16,7,42
assets/jointjs/css/joint.ui.freeTransform.css,15,7,88
assets/jointjs/css/joint.ui.halo.css,37,9,173
assets/jointjs/css/joint.ui.inspector.css,24,10,252
assets/jointjs/css/joint.ui.paperScroller.css,6,7,7
assets/jointjs/css/joint.ui.selectionView.css,9,10,19
assets/jointjs/css/joint.ui.stencil.css,11,8,79
assets/jointjs/css/joint.ui.tooltip.css,21,7,78
assets/jointjs/css/wireframe.css,11,4,93
assets/jointjs/dist/backbone-min.js,0,3,1
assets/jointjs/dist/backbone-min.new.js,0,1,1
assets/jointjs/dist/joint.dia.command.js,99,39,182
assets/jointjs/dist/joint.dia.freeTransform.js,29,40,26
assets/jointjs/dist/joint.dia.validator.js,35,13,53
assets/jointjs/dist/joint.format.gexf.js,17,10,26
assets/jointjs/dist/joint.format.print.js,49,43,60
assets/jointjs/dist/joint.format.raster.js,548,285,3059
assets/jointjs/dist/joint.format.svg.js,59,58,83
assets/jointjs/dist/joint.js,2937,1533,7105
assets/jointjs/dist/joint.layout.DirectedGraph.js,538,1013,2436
assets/jointjs/dist/joint.layout.ForceDirected.js,72,29,147
assets/jointjs/dist/joint.layout.GridLayout.js,31,16,41
assets/jointjs/dist/joint.nojquery.js,2155,4804,6770
assets/jointjs/dist/joint.shapes.chess.js,70,7,97
assets/jointjs/dist/joint.shapes.devs.js,37,7,91
assets/jointjs/dist/joint.shapes.erd.js,64,7,164
assets/jointjs/dist/joint.shapes.fsa.js,24,7,66
assets/jointjs/dist/joint.shapes.logic.js,101,9,186
assets/jointjs/dist/joint.shapes.org.js,22,7,52
assets/jointjs/dist/joint.shapes.pn.js,47,7,122
assets/jointjs/dist/joint.shapes.uml.js,50,7,149
assets/jointjs/dist/joint.ui.clipboard.js,48,39,68
assets/jointjs/dist/joint.ui.freeTransform.js,154,75,431
assets/jointjs/dist/joint.ui.halo.js,237,60,611
assets/jointjs/dist/joint.ui.inspector.js,300,161,1220
assets/jointjs/dist/joint.ui.paperScroller.js,50,23,69
assets/jointjs/dist/joint.ui.selectionView.js,98,55,156
assets/jointjs/dist/joint.ui.stencil.js,155,85,513
assets/jointjs/dist/joint.ui.tooltip.js,62,23,118
assets/jointjs/dist/lodash.min.js,0,5,93
assets/jointjs/ext/de.htwg.group.js,16,28,62
assets/jointjs/ext/distancelines.js,56,206,401
assets/jointjs/ext/extendedElementView.js,5,36,10
assets/jointjs/ext/extendedSelectionView.js,119,153,399
assets/jointjs/ext/guidelines.js,33,50,129
assets/jointjs/lib/base64.js,17,58,101
assets/jointjs/lib/keyboard.js,95,246,589
assets/metaModelEditor/ext/collaboration.js,58,84,212
assets/metaModelEditor/ext/edgeValidator.js,12,41,111
assets/metaModelEditor/ext/exportMetaModel/Attribute.coffee,5,0,6
assets/metaModelEditor/ext/exportMetaModel/Constants.coffee,1,2,16
assets/metaModelEditor/ext/exportMetaModel/ExportedMetaModel.coffee,15,2,26
assets/metaModelEditor/ext/exportMetaModel/Exporter.coffee,25,12,57
assets/metaModelEditor/ext/exportMetaModel/Graph.coffee,47,24,119
assets/metaModelEditor/ext/exportMetaModel/ValidationResult.coffee,4,0,11
assets/metaModelEditor/ext/linkTypeSelector.js,53,60,154
assets/metaModelEditor/ext/mCoreUtil.js,19,38,74
assets/metaModelEditor/ext/mEnum.js,12,1,64
assets/metaModelEditor/src/inspector.js,49,11,288
assets/metaModelEditor/src/main.js,148,97,584
assets/metaModelEditor/src/stencil.js,3,0,32
assets/modelEditor/datavis/DataVisClient.coffee,11,9,44
assets/modelEditor/datavis/DataVisEditor.coffee,21,0,107
assets/modelEditor/datavis/DataVisGrammar.coffee,22,0,125
assets/modelEditor/datavis/DataVisUI.coffee,16,2,47
assets/modelEditor/editor/css/chat.css,8,0,55
assets/modelEditor/editor/css/contextMenu.css,3,0,27
assets/modelEditor/editor/css/halo.css,1,0,6
assets/modelEditor/editor/css/highlighting_style.css,3,0,12
assets/modelEditor/editor/css/nodeCodeEditor.css,28,1,219
assets/modelEditor/editor/css/selection.css,0,0,8
assets/modelEditor/editor/own_ext/chat.js,7,0,46
assets/modelEditor/editor/own_ext/codeEditor.js,4,23,8
assets/modelEditor/editor/own_ext/compartmentManager.js,19,9,89
assets/modelEditor/editor/own_ext/contextMenu.js,31,19,161
assets/modelEditor/editor/own_ext/exportModel.js,19,2,131
assets/modelEditor/editor/own_ext/linkTypeSelector.js,62,85,244
assets/modelEditor/editor/own_ext/share.min.js,0,0,3
assets/modelEditor/editor/own_ext/sizeManager.js,8,11,41
assets/modelEditor/editor/own_ext/userTags.js,8,0,60
assets/modelEditor/editor/own_ext/zeta.link.js,45,54,148
assets/modelEditor/editor/src/channelHub.js,10,7,37
assets/modelEditor/editor/src/inspector.js,7,0,73
assets/modelEditor/editor/src/main.js,162,42,569
assets/modelEditor/editor/src/stencil.js,0,0,1
assets/modelEditor/WebSocketClient.coffee,10,0,43
assets/modelValidator/client/example.js,4,2,19
assets/modelValidator/client/examples/instance.js,0,0,81
assets/modelValidator/client/examples/metamodel.js,0,0,221
assets/modelValidator/server/src/main/java/modelValidator/Example.java,10,2,22
assets/modelValidator/server/src/main/java/modelValidator/IModelValidator.java,1,0,5
assets/modelValidator/server/src/main/java/modelValidator/ModelValidator.java,21,0,76
assets/modelValidator/server/src/main/java/modelValidator/ValidationResult.java,8,0,16
assets/modelValidator/shared/Attribute.coffee,23,0,34
assets/modelValidator/shared/Bounds.coffee,11,0,16
assets/modelValidator/shared/Constants.coffee,5,0,24
assets/modelValidator/shared/Instance.coffee,31,0,49
assets/modelValidator/shared/JSONException.coffee,1,0,6
assets/modelValidator/shared/MetaModel.coffee,42,0,64
assets/modelValidator/shared/ModelValidator.coffee,61,0,173
assets/modelValidator/shared/ValidationResult.coffee,7,0,11
assets/webpage/javascripts/diagramOverview.js,22,3,148
assets/webpage/stylesheets/main.css,19,0,119
